{"rid": "281aca9f0d401c9a4a71311f0f38f19b", "result": {"width": 750, "height": 1000, "faces": [{"facial_attributes": {"gender": {"male": 1.0, "female": 5.452439832964728e-09}, "age": 35.810157775878906}, "facial_points": {"left_eyebrow": [[0.5631677888785082, 0.28855465459823304], [0.6033143413987689, 0.27832962865095107], [0.6456398456667588, 0.27535087151264726], [0.6858186939053742, 0.28340000497458334], [0.7135252862940097, 0.3043605619422008]], "jaw": [[0.28426813349204094, 0.3481211374772483], [0.28574879656626995, 0.3933969691565552], [0.2912213737668333, 0.4384673040564187], [0.3008286860028194, 0.482961495026789], [0.3208520977800464, 0.5250526893430906], [0.35469001636289327, 0.5618696289940941], [0.4012420368576738, 0.5910585178341615], [0.4551172575637174, 0.6118445175728295], [0.5156732964581295, 0.6187568503803559], [0.576959972862354, 0.61345817473395], [0.631908986365216, 0.5933760808928215], [0.6803065371864901, 0.565517039965243], [0.7157235198604273, 0.5286653213313569], [0.7359338935696909, 0.48677835892312793], [0.7467514187976659, 0.4424456930227432], [0.7536653053054585, 0.3977781250380489], [0.7567063083906462, 0.35277211930497765]], "left_eye": [[0.586278031259032, 0.3366338645184842], [0.612590489726727, 0.32583198252908696], [0.6420545959857487, 0.32646889008245383], [0.6670443907447499, 0.33704328445787035], [0.6417339494333689, 0.3428322820132944], [0.6129933363188329, 0.34208838825313365]], "lip": [[0.4278068454634815, 0.497105525723489], [0.4584208758323666, 0.4825389682313107], [0.49067797743151503, 0.4748304437142775], [0.5175731398964941, 0.4788253258065051], [0.5447383806180083, 0.4753505548380156], [0.5770964860139511, 0.48390172271866905], [0.6067509404748203, 0.49862616006097743], [0.5772159217421091, 0.5133094442654649], [0.5457691611484818, 0.5204440956457016], [0.5168398464887908, 0.5217488652423549], [0.48822044855399965, 0.5200378827030189], [0.457023289244168, 0.5127161299561064], [0.4437312108331961, 0.4966495146953501], [0.4883325805629574, 0.49084357583125393], [0.5167929964499935, 0.49168902780689394], [0.5468146553532716, 0.4911292176494302], [0.5912291295484435, 0.4976918284624153], [0.5472885472139615, 0.49895490710192464], [0.5173579590493658, 0.5003547312840965], [0.48768456803653387, 0.49913208868997755]], "nose": [[0.5197423179399843, 0.3261716951084516], [0.5187599809870425, 0.3528151647700459], [0.5187409913171218, 0.3791682518357284], [0.5180098491867102, 0.40568285401177934], [0.46923452344942096, 0.43451090592463154], [0.4930593882754746, 0.43880055284429115], [0.517853602713783, 0.44308370609360725], [0.5426860620817218, 0.43979079773320334], [0.5661850482365505, 0.4356743485547603]], "right_eye": [[0.373667508991668, 0.3338898107367437], [0.39887381254674303, 0.32407554429734664], [0.42788751836192046, 0.3238299202206429], [0.4538719601605883, 0.33521563496392776], [0.4267216057467531, 0.33987324989663975], [0.3988265508437728, 0.34023875788427066]], "right_eyebrow": [[0.3279583642515732, 0.30054023209911396], [0.3572534890072804, 0.28035348758139933], [0.39671438164851275, 0.272944244578149], [0.43866551054978814, 0.27619313143100954], [0.477776687836224, 0.2877692192751847]]}, "h": 0.41773661804199225, "yaw": 0.00954074040055275, "class_idx": 0, "score": 0.9973753690719604, "w": 0.5569821573893229, "pitch": -0.07776694744825363, "y": 0.21442488098144533, "x": 0.22471413167317708, "roll": -0.016611680388450623}]}}